Title,path
global age related macular degeneration market,/research-report/global-age-related-macular-degeneration-market/
global commerical distributed energy market,/research-report/global-commercial-distributed-energy-generation-market/
global glaucoma therapeutic market,/research-report/global-glaucoma-therapeutic-market/
global hazardous drug administration market,/research-report/global-hazardous-drug-administration-market/
global systemic sclerosis market,/research-report/systemic-sclerosis-market-size/
global cosmetic surgery equipments market,/research-report/cosmetic-surgery-equipments-market/
global endometriosis drug market,/research-report/endometriosi-drug-market/
global polypropylene battery separator market,/research-report/polypropylene-battery-separator-market/
global cbd water market,/research-report/global-cbd-water-market/
global skin and soft tissue infection market,/research-report/global-skin-and-soft-tissue-infections-market/
global oncolytics virus therapy market,/research-report/global-oncolytic-virus-therapy-market/
global vegetable seed market,/research-report/vegetable-seed-market/
global evaporative cooling market,/research-report/global-evaporative-cooling-market/
global air core shunt reactor market,/research-report/air-core-shunt-reactor-market/
global ancient grains market,/research-report/ancient-grains-market/
global glaucoma therapeutics market,/research-report/global-glaucoma-therapeutic-market/
global macular edema market,/research-report/macular-edema-market/
global micronutrient fertilizers market,/research-report/global-micronutrient-fertilizers-market/
global vision care devices market,/research-report/global-vision-care-devices-market/
global gas turbine distributed energy market,/research-report/global-gas-turbine-distributed-energy-generation-market/
global insulin resistance market,/research-report/global-insulin-resistance-market-size/
global feed mycotoxin detoxifiers market,/research-report/global-feed-mycotoxin-detoxifiers/
global fixed shunt reactor market,/research-report/fixed-shunt-reactor-market/
global water enhancers market,/research-report/water-enhancers-market/
global enteral stenting procedure market,/research-report/global-enteral-stenting-procedures-market/
global patient examination devices market,/research-report/global-patient-examination-devices-market/
global plant bio-stimulants market,/research-report/global-plant-biostimulants-market/
global infusion systems market,/research-report/global-infusion-systems-market/
global agricultural testing market,/research-report/global-agricultural-testing-market/
global commercial distributed power generation market,/research-report/global-commercial-distributed-energy-generation-market/
global mobility aids and transportation equipments market,/research-report/global-mobility-aids-and-transporation-equipments-market/
global feed yeast market,/research-report/global-feed-yeast-market/
global food probiotics market,/research-report/global-food-probiotics-market/
global brazil diagnostic imaging market,/research-report/diagnostic-imaging-market/
global gut and digestive health ingredients market,/research-report/global-gut-and-digestive-health-ingredients-market/
"global jam, jelly and preserves market",/research-report/jam-jelly-and-preserves-market/
global renal biomarkers market,/research-report/renal-biomarkers-market/
global foam dressing market,/research-report/global-foam-dressing-market/
global vehicle diagnostics market,/research-report/global-vehicle-diagnostics-market/
global needle free injections market,/research-report/global-needle-free-injection-market/
global non proliferative diabetic retinopathy market,/research-report/global-non-proliferative-diabetic-retinopathy-market/
global non-invasive blood pressure monitors market,/research-report/global-non-invasive-blood-pressure-monitors-market/
global aerosol paints market,/research-report/aerosol-paints-market/
global diabetic macular edema size market,/research-report/macular-edema-market/
global freeze-dried food market,/research-report/global-freeze-dried-food-market/
global low-calorie sweeteners market,/research-report/global-low-calorie-sweeteners-market/
global defoamers market,/research-report/global-defoamers-market/
global female sterilization market,/research-report/global-female-sterilization-procedures-market/
global industrial distributed energy generation market,/research-report/global-industrial-distributed-energy-generation-market/
global clinical it systems market,/research-report/global-clinical-it-systems-market/
global fetal neonatal monitoring market,/research-report/global-fetal-neonatal-monitoring-market/
global pressure ulcers market,/research-report/global-pressure-ulcers-market/
global diabetic neuropathic foot ulcers market,/research-report/global-diabetic-neuropathic-foot-ulcers-market/
global asia pacific adhesives and sealants market,/research-report/asia-pacific-adhesives-sealants-market/
global lead acid battery separator market,/research-report/lead-acid-battery-separator-market/
global maiz,/corn seeds market /research-report/maize-corn-seeds-market/
global sugar reduction market,/research-report/sugar-reduction-market/
global lipid disorder market,/research-report/global-lipid-disorder-market/
global diabetic macular edema market,/research-report/macular-edema-market/
global pulp and paper chemicals market,/research-report/global-pulp-and-paper-chemicals-market/
global variable shunt reactor market,/research-report/variable-shunt-reactor-market/
global automotive testing market,/research-report/global-automotive-testing-market/
global phytonutrients market,/research-report/global-phytonutrients-market/
global wound care management devices market,/research-report/wound-care-management-devices-market/
global building materials market,/research-report/global-building-materials-market/
global agricultural fumigants market,/research-report/global-agricultural-fumigants-market/
global flax seed market,/research-report/global-flax-seed-market/
global food sweeteners market,/research-report/food-sweeteners-market/
global automotive foams market,/research-report/global-automotive-foams/
global dyslipidemia market,/research-report/global-dyslipidemia-market/
global growth hormone deficiency market,/research-report/global-growth-hormone-deficiency-market/
global protective coatings market,/research-report/protective-coatings-market/
global meal kit market,/research-report/global-meal-kit-market/
global anti corrosion coatings market,/research-report/anti-corrosion-coatings-market/
global food testing and certification market,/research-report/food-testing-and-certification-market/
global uveitis market,/research-report/global-uveitis-market/
global vendor neutral archive and pacs market,/research-report/vendor-neutral-archive-vna-and-pacs-market/
global agricultural chelates market,/research-report/global-agricultural-chelates-market/
global liquid feed market,/research-report/liquid-feed-market/
global circuit breaker market,/research-report/circuit-breaker-market/
global battery separator market,/research-report/polypropylene-battery-separator-market/
global ophthalmic diagnostic equipments market,/research-report/global-ophthalmic-diagnostic-equipment-market/
global airbag market,/research-report/global-airbag-market/
global power line communication market,/research-report/power-line-communication-market/
global patient monitoring accessories market,/research-report/global-patient-monitoring-accessories-market/
global specialty chemicals market,/research-report/global-specialty-chemicals-market/
global pediatric clinical trails market,/research-report/pediatric-clinical-trails-market/
global central venous catheters market,/research-report/global-central-venous-catheters-market/
global neonatal monitors market,/research-report/global-neonatal-monitors-market/
global silage additives market,/research-report/global-silage-additives-market/
global chia seeds market,/research-report/global-chia-seeds-market/
global functional beverages market,/research-report/functional-beverages-market/
global weight management supplements market,/research-report/weight-management-supplements-market/
global oil immersed shunt reactor market,/research-report/oil-immersed-shunt-reactor-market/
global ehealth market,/research-report/ehealth-market/
global advanced materials market,/research-report/global-advanced-materials-market/
global bio surfactants market,/research-report/global-bio-surfactants-market/
global automotive filters market,/research-report/global-automotive-filters-market/
global hemodialysis equipment market,/research-report/hemodialysis-equipment-market/
global metered dose inhaler devices market,/research-report/global-metered-dose-inhaler-devices-market/
global maleic anhydride market,/research-report/global-maleic-anhydride-market/
global soy protein market,/research-report/soy-protein-market/
global veterinary vaccines market,/research-report/global-veterinary-vaccines-market/
global shunt reactor market,/research-report/air-core-shunt-reactor-market/
global local anesthsia drugs market,/research-report/global-local-anesthsia-drugs-market/
global diabetic nephropathy market,/research-report/global-diabetic-nephropathy-market/
global seed treatment market,/research-report/global-seed-treatment-market/
global snack food market,/research-report/snack-food-market/
global acute myeloid leukaemia therapeutics market,/research-report/global-acute-myeloid-leukaemia-therapeutics-market/
global fire safety equipment market,/research-report/global-fire-safety-equipment-market/
global indonesia amino acid fertilizer market,/product-category/agriculture/page/2/
global peripherally inserted central catheter market,/research-report/peripherally-inserted-central-catheter-market/
global disposable hospital supplies market,/research-report/hospital-supplies-market/
global acne vulgaris market,/research-report/global-acne-vulgaris-acne-market/
global cosmetic surgery market,/research-report/cosmetic-surgery-equipments-market/
global forage seed market,/research-report/global-forage-seed-market/
global industrial water treatment market,/research-report/global-industrial-water-treatment-market/
global barrier resins market,/research-report/global-barrier-resins-market/
global philippines contact cement market,/petrochemicals-category/
global diabetic foot ulcers market,/research-report/global-diabetic-foot-ulcers-market-size/
global feed acidifiers market,/research-report/feed-acidifiers-market/
global nuclear imaging market,/research-report/nuclear-imaging-market/
global mammography market,/research-report/global-mammography-market/
global industrial coatings market,/research-report/industrial-coatings-market/
global clinical trial market,/research-report/clinical-trial-management-system-market/
global contact adhesives market,/research-report/contact-adhesives-market/
global medical supplies and equipments market,/research-report/medical-supplies-and-equipments-market/
global preventive vaccine market,/research-report/global-preventive-vaccine-market/
global medical imaging information systems market,/research-report/global-medical-imaging-information-systems-market/
global high-performance alloys market,/research-report/global-high-performance-alloys-market/
global portable x-ray devices market,/research-report/portable-x-ray-devices-market/
global bone densitometers market,/research-report/bone-densitometer-market/
global medicinal foods market,/food-and-beverages-category/
global polymer emulsions market,/research-report/polymer-emulsions-market/
global cancer monoclonal antibodies market,/research-report/cancer-monoclonal-antibodies-market/
global asia pacific compound feed market,/research-report/asia-compound-feed-market/
global medical image analysis software market,/research-report/medical-image-analysis-software-market/
global animal feed additives market,/research-report/global-animal-feed-additives-market/
global hydrocolloids market,/research-report/global-hydrocolloids-market/
global atopic dermatitis market,/research-report/global-atopic-dermatitis-market/
global bio lubricants market,/research-report/bio-lubricants-market/
global glaucoma surgery devices market,/research-report/glaucoma-surgery-devices-market/
global fluorochemicals market,/research-report/global-fluorochemicals-market/
global multiparameter patient monitoring devices market,/research-report/the-global-multiparameter-patient-monitoring-devices-market/
global hospital supplies market,/research-report/hospital-supplies-market/
global oilfield services market,/research-report/global-oilfield-services-market/
global agricultural micronutrients market,/research-report/global-agricultural-micronutrients-market/
global oil and gas cloud application market,/research-report/global-oil-gas-cloud-application-market/
global central vascular access devices market,/research-report/global-central-vascular-access-devices-market/
global seed coating materials market,/research-report/seed-coating-materials-market/
global incontinence devices market,/research-report/global-incontinence-devices-market/
global adjuvants market,/research-report/adjuvants-market/
global contrast media injectors market,/research-report/global-contrast-media-injectors-market/
global crop protection chemicals market,/research-report/global-crop-protection-chemicals-market/
global agrochemicals market,/research-report/agrochemicals-market/
global cataract surgery devices market,/research-report/cataract-surgery-devices-market/
global biopharmaceuticals market,/research-report/global-biopharmaceuticals-market/
global polyurethane market,/research-report/polyurethane-markett/
global plastic market,/research-report/plastic-market/
global computed tomography market,/research-report/global-computed-tomography-market/
global automotive composite materials market,/research-report/global-automotive-composite-materials-market/
global power system simulation market,/research-report/global-power-system-simulation-market/
global fetal monitors market,/research-report/global-fetal-monitors-market/
global mobile c-arms market,/research-report/global-mobile-c-arms-market/
global biopreservation market,/research-report/biopreservation-market/
global plant proteins market,/research-report/plant-proteins-market/
global sunflower seeds market,/research-report/sunflower-seeds-market/
global water treatment equipment market,/research-report/water-treatment-equipment-market/
global clinical trial management system market,/research-report/clinical-trial-management-system-market/
global systemic lupus erythematosus market,/research-report/global-systemic-lupus-erythematosus-market/
global in-vitro toxicology testing market,/research-report/in-vitro-toxicology-testing-market/
global medical aesthetic device market,/research-report/medical-aesthetic-device-market/
global crohn's disease market,/research-report/global-crohns-disease-market/
global naphthalene market,/research-report/naphthalene-market/
global patient monitoring equipments market,/research-report/patient-monitoring-equipments-market/
global sterilization equipment market,/research-report/sterilization-equipment-market/
global lithium ion battery separator market,/research-report/lithium-ion-battery-market/
global thermal spray market,/research-report/thermal-spray-market/
global hydroponics market,/research-report/hydroponics-market/
global collagen market,/research-report/collagen-market/
global aerospace coatings market,/research-report/global-aerospace-coatings-market/
global precision agriculture market,/research-report/precision-agriculture-market/
global trans catheter aortic valve replacement market,/research-report/global-trans-catheter-aortic-valve-replacement-market/
global nutraceuticals market,/research-report/nutraceuticals-market/
global type 2 diabeties market,/research-report/global-type-2-diabetes-size/
global paints and coatings market,/research-report/paints-and-coatings-market/
global active pharmaceutical ingredients market,/research-report/active-pharmaceutical-ingredients-market/
global food enzymes market,/research-report/food-enzymes-market/
global canada aesthetic devices market,/product-category/medical-devices/page/3/
global nickel alloys market,/research-report/global-nickel-alloys-market/
global trans catheter aortic valve replacement size market,/research-report/global-trans-catheter-aortic-valve-replacement-market/
global transdermal drug delivery devices market,/research-report/global-transdermal-drug-delivery-devices-market/
global advanced driver assistance systems market,/research-report/global-advanced-driver-assistance-system-market/
global construction chemicals market,/research-report/global-construction-chemicals-market/
global mri systems market,/research-report/global-mri-systems-market/
global endoscopy devices market,/research-report/endoscopy-devices-market/
global operating room equipment market,/research-report/global-operating-room-equipment-market/
global blood pressure moniters market,/research-report/global-blood-pressure-monitors-market/
global oral care market,/research-report/oral-care-market/
global alcoholic beverages market,/research-report/alcoholic-beverages-market/
global adhesives and sealants market,/research-report/adhesives-sealants-market/
global respiratory devices market,/research-report/respiratory-devices-market/
global polyvinyl chloride market,/research-report/polyvinyl-chloride-pvc-market/
global remote patient monitoring market,/research-report/remote-patient-monitoring-market/
global contrast agents market,/research-report/global-contrast-agents-market/
global biopolymer market,/research-report/global-bio-polymer-market/
global fungicides market,/research-report/fungicides-market/
global syringes and needles market,/research-report/global-syringes-and-needles-market/
global flat glass market,/research-report/flat-glass-market/
global seeds market,/research-report/seeds-market/
global africa autoclaved aerated concrete market,/licenses/enterprise/page/1/
global medical imaging market,/research-report/medical-imaging-market/
global anti-aging market,/research-report/global-anti-aging-market/
global power generation market,/research-report/power-generation-market/
global genome editing market,/research-report/genome-editing-market/
global veterinary diagonistics market,/research-report/veterinary-diagnostics-market/
global bottled water market,/research-report/bottled-water-market/
global lubricants market,/research-report/lubricants-market/
global whey protein market,
global frozen bakery products market,/research-report/frozen-bakery-products-market/
global water treatment chemicals market,/research-report/global-water-treatment-chemicals-market/
global diabetes devices market,
global healthcare analytics market,/research-report/healthcare-analytics-market/
global population health management market,/research-report/population-health-management-market/
global nucleic acid isolation and purification market,/research-report/global-nucleic-acid-isolation-and-purification-market/
global ultrasound devices market,/research-report/ultrasound-devices-market/
global healthcare it market,
global telemedicine market,
global genetic testing market,
global smart glass market,
global digital signage market,
global managed services market,
global baby food market,
global diesel generator market,/research-report/global-diesel-generator-market/
global lubricant additives market,/research-report/lubricant-additives-market/
global lithium market,/research-report/lithium-market/
global precision medicine market,
global molecular diagnostics market,/research-report/molecular-diagnostics-market/
global laundry detergent market,/research-report/laundry-detergent-market/
global wearable medical devices market,
global steel market,
global energy drinks market,
global sesame seeds market,/research-report/sesame-seeds-market/
global yogurt market,
global companion diagnostics market,/research-report/companion-diagnostics-market/
global renewable energy market,/research-report/renewable-energy-market/
global ecg market,/research-report/ecg-market/
global bio fertilizers market,/research-report/bio-fertilizers-market/
global mobile health market,/research-report/mobile-health-mhealth-market/
global stevia market,
global next generation sequencing market,
global asia pacific aqua feed market,
global beta glucan market,
global bio pesticides market,
global cardiac monitoring devices market,/research-report/cardiac-monitoring-market/
global chip inductor market,
global coconut based foods market,/research-report/global-coconut-foods-market/
global contact lenses market,
global high density polyethylene market,/research-report/hdpe-high-density-polyethylene-market/
global heavy construction machinery market,
global indonesia freight and logistics market,
global intra ocular lens market,
global microspheres market,
global modular data center market,
global oil & gas equipment rental market,
global orthopaedic devices market,
global radiology information system market,/research-report/radiology-information-system-market/
global tackifier market,
global fluoropolymers market,
global hardware power simulation market,/research-report/global-power-system-simulation-market/
global pharmaceutical mass flow converter market,
global osteoporosis market,/research-report/global-osteoporosis-market/
global renal dialysis market,/research-report/renal-dialysis-equipment-market/
global post menopausal osteoporois market,
global diabetic retinotherapy market,
global sjôøωgrenôøωs syndrome market,
global in-vitro diagnostics market,
global lithium-ion battery market,/research-report/lithium-ion-battery-separator-market/
global micro-elecromechanical sensors market,
